{"cameraMode":{"drawMode":0,"name":"Shaded","section":"Shading Mode"},"sceneLighting":true,"audioPlay":false,"sceneViewState":{"showFog":true,"showMaterialUpdate":false,"showSkybox":true,"showFlares":true,"showImageEffects":true,"showParticleSystems":true},"in2DMode":false,"pivot":{"x":1195.15966796875,"y":-128.32308959960938,"z":184.32012939453126},"rotation":{"x":-0.06868933886289597,"y":0.9302303791046143,"z":-0.2770862579345703,"w":-0.23060296475887299},"size":22.0,"orthographic":false}